1) Display all the records in emp table?

2) Display all the records in emp table where employee belongs to deptno 10?

3) Display all the records in emp table where employee does not belong to deptno 30?

mysql> select * from emp
    -> where deptno <> 30;
+-------+--------+-----------+------+------------+------+------+--------+
| EMPNO | ENAME  | JOB       | MGR  | HIREDATE   | SAL  | COMM | DEPTNO |
+-------+--------+-----------+------+------------+------+------+--------+
|  7369 | SMITH  | CLERK     | 7902 | 1980-12-17 |  800 | NULL |     20 |
|  7566 | JONES  | MANAGER   | 7839 | 1981-04-02 | 2975 | NULL |     20 |
|  7782 | CLARK  | MANAGER   | 7839 | 1981-06-09 | 2450 | NULL |     10 |
|  7788 | SCOTT  | ANALYST   | 7566 | 1982-12-09 | 3000 | NULL |     20 |
|  7839 | KING   | PRESIDENT | NULL | 1981-11-17 | 5000 | NULL |     10 |
|  7876 | ADAMS  | CLERK     | 7788 | 1983-01-12 | 1100 | NULL |     20 |
|  7902 | FORD   | ANALYST   | 7566 | 1981-12-03 | 3000 | NULL |     20 |
|  7934 | MILLER | CLERK     | 7782 | 1982-01-23 | 1300 | NULL |     10 |
+-------+--------+-----------+------+------------+------+------+--------+
8 rows in set (0.05 sec)

4) Display total number of records in Emp table?

mysql> select count(*) "Total Records" from emp;
+---------------+
| Total Records |
+---------------+
|            14 |
+---------------+
1 row in set (0.00 sec)

5) Display emp table with salary descending order?

mysql> select *
    -> from emp
    -> order by sal desc;
+-------+--------+-----------+------+------------+------+------+--------+
| EMPNO | ENAME  | JOB       | MGR  | HIREDATE   | SAL  | COMM | DEPTNO |
+-------+--------+-----------+------+------------+------+------+--------+
|  7839 | KING   | PRESIDENT | NULL | 1981-11-17 | 5000 | NULL |     10 |
|  7788 | SCOTT  | ANALYST   | 7566 | 1982-12-09 | 3000 | NULL |     20 |
|  7902 | FORD   | ANALYST   | 7566 | 1981-12-03 | 3000 | NULL |     20 |
|  7566 | JONES  | MANAGER   | 7839 | 1981-04-02 | 2975 | NULL |     20 |
|  7698 | BLAKE  | MANAGER   | 7839 | 1981-05-01 | 2850 | NULL |     30 |
|  7782 | CLARK  | MANAGER   | 7839 | 1981-06-09 | 2450 | NULL |     10 |
|  7499 | ALLEN  | SALESMAN  | 7698 | 1981-02-20 | 1600 |  300 |     30 |
|  7844 | TURNER | SALESMAN  | 7698 | 1981-09-08 | 1500 |    0 |     30 |
|  7934 | MILLER | CLERK     | 7782 | 1982-01-23 | 1300 | NULL |     10 |
|  7521 | WARD   | SALESMAN  | 7698 | 1981-02-22 | 1250 |  500 |     30 |
|  7654 | MARTIN | SALESMAN  | 7698 | 1981-09-28 | 1250 | 1400 |     30 |
|  7876 | ADAMS  | CLERK     | 7788 | 1983-01-12 | 1100 | NULL |     20 |
|  7900 | JAMES  | CLERK     | 7698 | 1981-12-03 |  950 | NULL |     30 |
|  7369 | SMITH  | CLERK     | 7902 | 1980-12-17 |  800 | NULL |     20 |
+-------+--------+-----------+------+------------+------+------+--------+
14 rows in set (0.00 sec)

6) Display all the records in emp table order by ascending deptno, descending salary?

mysql> select *
    -> from emp
    -> order by deptno asc, sal desc;
+-------+--------+-----------+------+------------+------+------+--------+
| EMPNO | ENAME  | JOB       | MGR  | HIREDATE   | SAL  | COMM | DEPTNO |
+-------+--------+-----------+------+------------+------+------+--------+
|  7839 | KING   | PRESIDENT | NULL | 1981-11-17 | 5000 | NULL |     10 |
|  7782 | CLARK  | MANAGER   | 7839 | 1981-06-09 | 2450 | NULL |     10 |
|  7934 | MILLER | CLERK     | 7782 | 1982-01-23 | 1300 | NULL |     10 |
|  7788 | SCOTT  | ANALYST   | 7566 | 1982-12-09 | 3000 | NULL |     20 |
|  7902 | FORD   | ANALYST   | 7566 | 1981-12-03 | 3000 | NULL |     20 |
|  7566 | JONES  | MANAGER   | 7839 | 1981-04-02 | 2975 | NULL |     20 |
|  7876 | ADAMS  | CLERK     | 7788 | 1983-01-12 | 1100 | NULL |     20 |
|  7369 | SMITH  | CLERK     | 7902 | 1980-12-17 |  800 | NULL |     20 |
|  7698 | BLAKE  | MANAGER   | 7839 | 1981-05-01 | 2850 | NULL |     30 |
|  7499 | ALLEN  | SALESMAN  | 7698 | 1981-02-20 | 1600 |  300 |     30 |
|  7844 | TURNER | SALESMAN  | 7698 | 1981-09-08 | 1500 |    0 |     30 |
|  7521 | WARD   | SALESMAN  | 7698 | 1981-02-22 | 1250 |  500 |     30 |
|  7654 | MARTIN | SALESMAN  | 7698 | 1981-09-28 | 1250 | 1400 |     30 |
|  7900 | JAMES  | CLERK     | 7698 | 1981-12-03 |  950 | NULL |     30 |
+-------+--------+-----------+------+------------+------+------+--------+
14 rows in set (0.00 sec)

7) Display all employees those who were joined in year 1981?

mysql> select *
    -> from emp
    -> where year(hiredate) = 1981;
+-------+--------+-----------+------+------------+------+------+--------+
| EMPNO | ENAME  | JOB       | MGR  | HIREDATE   | SAL  | COMM | DEPTNO |
+-------+--------+-----------+------+------------+------+------+--------+
|  7499 | ALLEN  | SALESMAN  | 7698 | 1981-02-20 | 1600 |  300 |     30 |
|  7521 | WARD   | SALESMAN  | 7698 | 1981-02-22 | 1250 |  500 |     30 |
|  7566 | JONES  | MANAGER   | 7839 | 1981-04-02 | 2975 | NULL |     20 |
|  7654 | MARTIN | SALESMAN  | 7698 | 1981-09-28 | 1250 | 1400 |     30 |
|  7698 | BLAKE  | MANAGER   | 7839 | 1981-05-01 | 2850 | NULL |     30 |
|  7782 | CLARK  | MANAGER   | 7839 | 1981-06-09 | 2450 | NULL |     10 |
|  7839 | KING   | PRESIDENT | NULL | 1981-11-17 | 5000 | NULL |     10 |
|  7844 | TURNER | SALESMAN  | 7698 | 1981-09-08 | 1500 |    0 |     30 |
|  7900 | JAMES  | CLERK     | 7698 | 1981-12-03 |  950 | NULL |     30 |
|  7902 | FORD   | ANALYST   | 7566 | 1981-12-03 | 3000 | NULL |     20 |
+-------+--------+-----------+------+------------+------+------+--------+
10 rows in set (0.06 sec)

8) Display COMM in emp table. Display zero in place of null.

9) Display the records in emp table where MGR in 7698,7566 and sal should be greater then 1500

mysql> select * from emp
    -> where sal >1500
    -> and mgr = 7698 OR mgr = 7566;
+-------+-------+----------+------+------------+------+------+--------+
| EMPNO | ENAME | JOB      | MGR  | HIREDATE   | SAL  | COMM | DEPTNO |
+-------+-------+----------+------+------------+------+------+--------+
|  7499 | ALLEN | SALESMAN | 7698 | 1981-02-20 | 1600 |  300 |     30 |
|  7788 | SCOTT | ANALYST  | 7566 | 1982-12-09 | 3000 | NULL |     20 |
|  7902 | FORD  | ANALYST  | 7566 | 1981-12-03 | 3000 | NULL |     20 |
+-------+-------+----------+------+------------+------+------+--------+
3 rows in set (0.00 sec)

10) Display all employees where employees hired before 01-JAN-1981

mysql> select *
    -> from emp
    -> where year(hiredate) < 1981;
+-------+-------+-------+------+------------+------+------+--------+
| EMPNO | ENAME | JOB   | MGR  | HIREDATE   | SAL  | COMM | DEPTNO |
+-------+-------+-------+------+------------+------+------+--------+
|  7369 | SMITH | CLERK | 7902 | 1980-12-17 |  800 | NULL |     20 |
+-------+-------+-------+------+------------+------+------+--------+
1 row in set (0.00 sec)

11) Display all employees with how many years they have been servicing in the company?

mysql> select ename "Name", round(datediff(current_date,hiredate)/365) "Experience" from emp;
+--------+------------+
| Name   | Experience |
+--------+------------+
| SMITH  |         41 |
| ALLEN  |         41 |
| WARD   |         41 |
| JONES  |         41 |
| MARTIN |         40 |
| BLAKE  |         40 |
| CLARK  |         40 |
| SCOTT  |         39 |
| KING   |         40 |
| TURNER |         40 |
| ADAMS  |         39 |
| JAMES  |         40 |
| FORD   |         40 |
| MILLER |         40 |
+--------+------------+
14 rows in set (0.06 sec)

12) Display all employees those were not joined in 1981?

mysql> select *
    -> from emp
    -> where year(hiredate) <> 1981;
+-------+--------+---------+------+------------+------+------+--------+
| EMPNO | ENAME  | JOB     | MGR  | HIREDATE   | SAL  | COMM | DEPTNO |
+-------+--------+---------+------+------------+------+------+--------+
|  7369 | SMITH  | CLERK   | 7902 | 1980-12-17 |  800 | NULL |     20 |
|  7788 | SCOTT  | ANALYST | 7566 | 1982-12-09 | 3000 | NULL |     20 |
|  7876 | ADAMS  | CLERK   | 7788 | 1983-01-12 | 1100 | NULL |     20 |
|  7934 | MILLER | CLERK   | 7782 | 1982-01-23 | 1300 | NULL |     10 |
+-------+--------+---------+------+------------+------+------+--------+
4 rows in set (0.00 sec)

13) Display all employees where their salary is less then the Fordâ€™s salary?

mysql> select * from emp
    -> where sal < All (select sal from emp
    -> where ename = "Ford");
+-------+--------+----------+------+------------+------+------+--------+
| EMPNO | ENAME  | JOB      | MGR  | HIREDATE   | SAL  | COMM | DEPTNO |
+-------+--------+----------+------+------------+------+------+--------+
|  7369 | SMITH  | CLERK    | 7902 | 1980-12-17 |  800 | NULL |     20 |
|  7499 | ALLEN  | SALESMAN | 7698 | 1981-02-20 | 1600 |  300 |     30 |
|  7521 | WARD   | SALESMAN | 7698 | 1981-02-22 | 1250 |  500 |     30 |
|  7566 | JONES  | MANAGER  | 7839 | 1981-04-02 | 2975 | NULL |     20 |
|  7654 | MARTIN | SALESMAN | 7698 | 1981-09-28 | 1250 | 1400 |     30 |
|  7698 | BLAKE  | MANAGER  | 7839 | 1981-05-01 | 2850 | NULL |     30 |
|  7782 | CLARK  | MANAGER  | 7839 | 1981-06-09 | 2450 | NULL |     10 |
|  7844 | TURNER | SALESMAN | 7698 | 1981-09-08 | 1500 |    0 |     30 |
|  7876 | ADAMS  | CLERK    | 7788 | 1983-01-12 | 1100 | NULL |     20 |
|  7900 | JAMES  | CLERK    | 7698 | 1981-12-03 |  950 | NULL |     30 |
|  7934 | MILLER | CLERK    | 7782 | 1982-01-23 | 1300 | NULL |     10 |
+-------+--------+----------+------+------------+------+------+--------+
11 rows in set (0.06 sec)

14) Display all records in EMP table those were joined before SCOTT joined?

mysql> select * from emp
    -> where hiredate < All (select hiredate from emp where ename = "scott");
+-------+--------+-----------+------+------------+------+------+--------+
| EMPNO | ENAME  | JOB       | MGR  | HIREDATE   | SAL  | COMM | DEPTNO |
+-------+--------+-----------+------+------------+------+------+--------+
|  7369 | SMITH  | CLERK     | 7902 | 1980-12-17 |  800 | NULL |     20 |
|  7499 | ALLEN  | SALESMAN  | 7698 | 1981-02-20 | 1600 |  300 |     30 |
|  7521 | WARD   | SALESMAN  | 7698 | 1981-02-22 | 1250 |  500 |     30 |
|  7566 | JONES  | MANAGER   | 7839 | 1981-04-02 | 2975 | NULL |     20 |
|  7654 | MARTIN | SALESMAN  | 7698 | 1981-09-28 | 1250 | 1400 |     30 |
|  7698 | BLAKE  | MANAGER   | 7839 | 1981-05-01 | 2850 | NULL |     30 |
|  7782 | CLARK  | MANAGER   | 7839 | 1981-06-09 | 2450 | NULL |     10 |
|  7839 | KING   | PRESIDENT | NULL | 1981-11-17 | 5000 | NULL |     10 |
|  7844 | TURNER | SALESMAN  | 7698 | 1981-09-08 | 1500 |    0 |     30 |
|  7900 | JAMES  | CLERK     | 7698 | 1981-12-03 |  950 | NULL |     30 |
|  7902 | FORD   | ANALYST   | 7566 | 1981-12-03 | 3000 | NULL |     20 |
|  7934 | MILLER | CLERK     | 7782 | 1982-01-23 | 1300 | NULL |     10 |
+-------+--------+-----------+------+------------+------+------+--------+
12 rows in set (0.00 sec)

15) Display all employees those who were joined in third quarter of 1981?

mysql> select * from emp
    -> where hiredate between '1981-07-01' and '1981-09-30';
+-------+--------+----------+------+------------+------+------+--------+
| EMPNO | ENAME  | JOB      | MGR  | HIREDATE   | SAL  | COMM | DEPTNO |
+-------+--------+----------+------+------------+------+------+--------+
|  7654 | MARTIN | SALESMAN | 7698 | 1981-09-28 | 1250 | 1400 |     30 |
|  7844 | TURNER | SALESMAN | 7698 | 1981-09-08 | 1500 |    0 |     30 |
+-------+--------+----------+------+------------+------+------+--------+
2 rows in set (0.06 sec)

16) Write a query to display current date?

mysql> select sysdate();
+---------------------+
| sysdate()           |
+---------------------+
| 2021-10-19 20:02:23 |
+---------------------+
1 row in set (0.02 sec)
---------------------------------------------------------------------
mysql> select current_date;
+--------------+
| current_date |
+--------------+
| 2021-10-19   |
+--------------+
1 row in set (0.00 sec)
----------------------------------------------------------------------------
mysql> select current_timestamp;
+---------------------+
| current_timestamp   |
+---------------------+
| 2021-10-19 20:04:00 |
+---------------------+
1 row in set (0.00 sec)

17) Display distinct job from emp table?

18) Display all the records in emp table where employee hired after 28-SEP-81 and before 03-DEC-81?

mysql> select * from emp
    -> where hiredate between '1981-09-29' and '1981-12-02';
+-------+-------+-----------+------+------------+------+------+--------+
| EMPNO | ENAME | JOB       | MGR  | HIREDATE   | SAL  | COMM | DEPTNO |
+-------+-------+-----------+------+------------+------+------+--------+
|  7839 | KING  | PRESIDENT | NULL | 1981-11-17 | 5000 | NULL |     10 |
+-------+-------+-----------+------+------------+------+------+--------+
1 row in set (0.00 sec)

19) Write a query that displays the employeeâ€™s names with the first letter capitalized and all other letters lowercase for all employees whose name starts with J, A, or M



20) Display the empno, ename, sal, and salary increased by 15%.

21) Display all employees where ename start with J and ends with S

mysql> select concat(upper(substr(ename,1,1)), lower(substr(ename,2))) "Name"
    -> from emp
    -> where ename = Any
    -> (select ename from emp
    -> where substr(ename,1,1) = "J" OR substr(ename,1,1) = "A" OR substr(ename,1,1) = "M");
+--------+
| Name   |
+--------+
| Allen  |
| Jones  |
| Martin |
| Adams  |
| James  |
| Miller |
+--------+
6 rows in set (0.00 sec)

mysql> select concat(upper(substr(ename, 1,1)), lower(substr(ename, 2))) as "camel case" from emp where ename like 'J%' or ename like 'A%' or ename like 'M%';
+------------+
| camel case |
+------------+
| Allen      |
| Jones      |
| Martin     |
| Adams      |
| James      |
| Miller     |
+------------+
6 rows in set (0.00 sec)

22) Display all employees where employee does not belong to 10,20,40

mysql> select * from emp
    -> where ename not in
    -> (select ename from emp
    -> where deptno = 10 or deptno=20 or deptno = 30);

23) Display all employees where jobs does not belong to PRESIDENT and MANAGER?

mysql> select * from emp
    -> where job <> "President" and job <> "Manager";
+-------+--------+----------+------+------------+------+------+--------+
| EMPNO | ENAME  | JOB      | MGR  | HIREDATE   | SAL  | COMM | DEPTNO |
+-------+--------+----------+------+------------+------+------+--------+
|  7369 | SMITH  | CLERK    | 7902 | 1980-12-17 |  800 | NULL |     20 |
|  7499 | ALLEN  | SALESMAN | 7698 | 1981-02-20 | 1600 |  300 |     30 |
|  7521 | WARD   | SALESMAN | 7698 | 1981-02-22 | 1250 |  500 |     30 |
|  7654 | MARTIN | SALESMAN | 7698 | 1981-09-28 | 1250 | 1400 |     30 |
|  7788 | SCOTT  | ANALYST  | 7566 | 1982-12-09 | 3000 | NULL |     20 |
|  7844 | TURNER | SALESMAN | 7698 | 1981-09-08 | 1500 |    0 |     30 |
|  7876 | ADAMS  | CLERK    | 7788 | 1983-01-12 | 1100 | NULL |     20 |
|  7900 | JAMES  | CLERK    | 7698 | 1981-12-03 |  950 | NULL |     30 |
|  7902 | FORD   | ANALYST  | 7566 | 1981-12-03 | 3000 | NULL |     20 |
|  7934 | MILLER | CLERK    | 7782 | 1982-01-23 | 1300 | NULL |     10 |
+-------+--------+----------+------+------------+------+------+--------+
10 rows in set (0.00 sec)

24) Display the maximum salary in the emp table

mysql> select max(sal) from emp;
+----------+
| max(sal) |
+----------+
|     5000 |
+----------+
1 row in set (0.09 sec)

25) Display average salary for job SALESMAN

mysql> select avg(sal) from emp
    -> where job = "salesman";
+----------+
| avg(sal) |
+----------+
|     1400 |
+----------+
1 row in set (0.05 sec)

26) Display all three figures salary in emp table

mysql> select sal from emp
    -> where sal > 99 && sal < 1000;
+------+
| sal  |
+------+
|  800 |
|  950 |
+------+
2 rows in set, 1 warning (0.00 sec)

27) Display all records in emp table for employee who does not receive any commission

mysql> select * from emp
    -> where comm is null || comm = 0;
+-------+--------+-----------+------+------------+------+------+--------+
| EMPNO | ENAME  | JOB       | MGR  | HIREDATE   | SAL  | COMM | DEPTNO |
+-------+--------+-----------+------+------------+------+------+--------+
|  7369 | SMITH  | CLERK     | 7902 | 1980-12-17 |  800 | NULL |     20 |
|  7566 | JONES  | MANAGER   | 7839 | 1981-04-02 | 2975 | NULL |     20 |
|  7698 | BLAKE  | MANAGER   | 7839 | 1981-05-01 | 2850 | NULL |     30 |
|  7782 | CLARK  | MANAGER   | 7839 | 1981-06-09 | 2450 | NULL |     10 |
|  7788 | SCOTT  | ANALYST   | 7566 | 1982-12-09 | 3000 | NULL |     20 |
|  7839 | KING   | PRESIDENT | NULL | 1981-11-17 | 5000 | NULL |     10 |
|  7844 | TURNER | SALESMAN  | 7698 | 1981-09-08 | 1500 |    0 |     30 |
|  7876 | ADAMS  | CLERK     | 7788 | 1983-01-12 | 1100 | NULL |     20 |
|  7900 | JAMES  | CLERK     | 7698 | 1981-12-03 |  950 | NULL |     30 |
|  7902 | FORD   | ANALYST   | 7566 | 1981-12-03 | 3000 | NULL |     20 |
|  7934 | MILLER | CLERK     | 7782 | 1982-01-23 | 1300 | NULL |     10 |
+-------+--------+-----------+------+------------+------+------+--------+
11 rows in set, 1 warning (0.00 sec)

28) Display all ename where first character could be anything, but second character should be L?

mysql> select * from emp
    -> where ename like '_L%';
+-------+-------+----------+------+------------+------+------+--------+
| EMPNO | ENAME | JOB      | MGR  | HIREDATE   | SAL  | COMM | DEPTNO |
+-------+-------+----------+------+------------+------+------+--------+
|  7499 | ALLEN | SALESMAN | 7698 | 1981-02-20 | 1600 |  300 |     30 |
|  7698 | BLAKE | MANAGER  | 7839 | 1981-05-01 | 2850 | NULL |     30 |
|  7782 | CLARK | MANAGER  | 7839 | 1981-06-09 | 2450 | NULL |     10 |
+-------+-------+----------+------+------------+------+------+--------+
3 rows in set (0.08 sec)

29) Display sum of salary for each department.

mysql> select sum(sal) from emp;
+----------+
| sum(sal) |
+----------+
|    29025 |
+----------+
1 row in set (0.05 sec)

30) Display all department with Minimum salary and maximum salary?

mysql> select min(sal), max(sal), deptno from emp
    -> group by deptno;
+----------+----------+--------+
| min(sal) | max(sal) | deptno |
+----------+----------+--------+
|      800 |     3000 |     20 |
|      950 |     2850 |     30 |
|     1300 |     5000 |     10 |
+----------+----------+--------+
3 rows in set (0.00 sec)

31) Display all the departments where department does not have any employees

mysql> select dname from dept
    -> where deptno not in(select distinct deptno from emp);
+------------+
| dname      |
+------------+
| OPERATIONS |
+------------+
1 row in set (0.00 sec)

32) Display all the departments where department does have atleast one employee

mysql> select dname from dept
    -> where deptno in(select distinct deptno from emp);
+------------+
| dname      |
+------------+
| ACCOUNTING |
| RESEARCH   |
| SALES      |
+------------+
3 rows in set (0.03 sec)

33) Display all employees those who are not managers?

mysql> select * from emp
    -> where job not like "manager";
+-------+--------+-----------+------+------------+------+------+--------+
| EMPNO | ENAME  | JOB       | MGR  | HIREDATE   | SAL  | COMM | DEPTNO |
+-------+--------+-----------+------+------------+------+------+--------+
|  7369 | SMITH  | CLERK     | 7902 | 1980-12-17 |  800 | NULL |     20 |
|  7499 | ALLEN  | SALESMAN  | 7698 | 1981-02-20 | 1600 |  300 |     30 |
|  7521 | WARD   | SALESMAN  | 7698 | 1981-02-22 | 1250 |  500 |     30 |
|  7654 | MARTIN | SALESMAN  | 7698 | 1981-09-28 | 1250 | 1400 |     30 |
|  7788 | SCOTT  | ANALYST   | 7566 | 1982-12-09 | 3000 | NULL |     20 |
|  7839 | KING   | PRESIDENT | NULL | 1981-11-17 | 5000 | NULL |     10 |
|  7844 | TURNER | SALESMAN  | 7698 | 1981-09-08 | 1500 |    0 |     30 |
|  7876 | ADAMS  | CLERK     | 7788 | 1983-01-12 | 1100 | NULL |     20 |
|  7900 | JAMES  | CLERK     | 7698 | 1981-12-03 |  950 | NULL |     30 |
|  7902 | FORD   | ANALYST   | 7566 | 1981-12-03 | 3000 | NULL |     20 |
|  7934 | MILLER | CLERK     | 7782 | 1982-01-23 | 1300 | NULL |     10 |
+-------+--------+-----------+------+------------+------+------+--------+
11 rows in set (0.00 sec)

34) Display all the records for deptno which belongs to employee name JAMES?

mysql> select * from emp
    -> where deptno like (select deptno from emp where ename like "james");
+-------+--------+----------+------+------------+------+------+--------+
| EMPNO | ENAME  | JOB      | MGR  | HIREDATE   | SAL  | COMM | DEPTNO |
+-------+--------+----------+------+------------+------+------+--------+
|  7499 | ALLEN  | SALESMAN | 7698 | 1981-02-20 | 1600 |  300 |     30 |
|  7521 | WARD   | SALESMAN | 7698 | 1981-02-22 | 1250 |  500 |     30 |
|  7654 | MARTIN | SALESMAN | 7698 | 1981-09-28 | 1250 | 1400 |     30 |
|  7698 | BLAKE  | MANAGER  | 7839 | 1981-05-01 | 2850 | NULL |     30 |
|  7844 | TURNER | SALESMAN | 7698 | 1981-09-08 | 1500 |    0 |     30 |
|  7900 | JAMES  | CLERK    | 7698 | 1981-12-03 |  950 | NULL |     30 |
+-------+--------+----------+------+------------+------+------+--------+
6 rows in set (0.00 sec)

35) Display all the records in emp table where salary should be less then or equal to ADAMS salary?

mysql> select * from emp
    -> where sal <= (select sal from emp where ename like "adams");
+-------+-------+-------+------+------------+------+------+--------+
| EMPNO | ENAME | JOB   | MGR  | HIREDATE   | SAL  | COMM | DEPTNO |
+-------+-------+-------+------+------------+------+------+--------+
|  7369 | SMITH | CLERK | 7902 | 1980-12-17 |  800 | NULL |     20 |
|  7876 | ADAMS | CLERK | 7788 | 1983-01-12 | 1100 | NULL |     20 |
|  7900 | JAMES | CLERK | 7698 | 1981-12-03 |  950 | NULL |     30 |
+-------+-------+-------+------+------------+------+------+--------+
3 rows in set (0.00 sec)

36) Display all employees those were joined before employee WARD joined?

mysql> select * from emp
    -> where hiredate < (select hiredate from emp where ename like "ward");
+-------+-------+----------+------+------------+------+------+--------+
| EMPNO | ENAME | JOB      | MGR  | HIREDATE   | SAL  | COMM | DEPTNO |
+-------+-------+----------+------+------------+------+------+--------+
|  7369 | SMITH | CLERK    | 7902 | 1980-12-17 |  800 | NULL |     20 |
|  7499 | ALLEN | SALESMAN | 7698 | 1981-02-20 | 1600 |  300 |     30 |
+-------+-------+----------+------+------------+------+------+--------+
2 rows in set (0.00 sec)

37) Display all subordinate those who are working under BLAKE?

mysql> select * from emp
    -> where mgr = (select empno from emp where ename = "Blake");
+-------+--------+----------+------+------------+------+------+--------+
| EMPNO | ENAME  | JOB      | MGR  | HIREDATE   | SAL  | COMM | DEPTNO |
+-------+--------+----------+------+------------+------+------+--------+
|  7499 | ALLEN  | SALESMAN | 7698 | 1981-02-20 | 1600 |  300 |     30 |
|  7521 | WARD   | SALESMAN | 7698 | 1981-02-22 | 1250 |  500 |     30 |
|  7654 | MARTIN | SALESMAN | 7698 | 1981-09-28 | 1250 | 1400 |     30 |
|  7844 | TURNER | SALESMAN | 7698 | 1981-09-08 | 1500 |    0 |     30 |
|  7900 | JAMES  | CLERK    | 7698 | 1981-12-03 |  950 | NULL |     30 |
+-------+--------+----------+------+------------+------+------+--------+
5 rows in set (0.00 sec)

38) Display all subordinate(all levels) for employee BLAKE?



39) Display all record in emp table for deptno which belongs to KING's Job?

mysql> select * from emp where deptno = (select deptno from emp where ename = "King");
+-------+--------+-----------+------+------------+------+------+--------+
| EMPNO | ENAME  | JOB       | MGR  | HIREDATE   | SAL  | COMM | DEPTNO |
+-------+--------+-----------+------+------------+------+------+--------+
|  7782 | CLARK  | MANAGER   | 7839 | 1981-06-09 | 2450 | NULL |     10 |
|  7839 | KING   | PRESIDENT | NULL | 1981-11-17 | 5000 | NULL |     10 |
|  7934 | MILLER | CLERK     | 7782 | 1982-01-23 | 1300 | NULL |     10 |
+-------+--------+-----------+------+------------+------+------+--------+
3 rows in set (0.00 sec)

40) Display the employees for empno which belongs to job PRESIDENT?

mysql> select * from emp where empno in(select empno from emp where ename in(select ename from emp where JOB = 'PRESIDENT'));
+-------+-------+-----------+------+------------+------+------+--------+
| EMPNO | ENAME | JOB       | MGR  | HIREDATE   | SAL  | COMM | DEPTNO |
+-------+-------+-----------+------+------------+------+------+--------+
|  7839 | KING  | PRESIDENT | NULL | 1981-11-17 | 5000 | NULL |     10 |
+-------+-------+-----------+------+------------+------+------+--------+
1 row in set (0.06 sec)

41) Display list of ename those who have joined in Year 81 as MANAGER?

mysql> select * from emp where year(hiredate) = 1981 and job = 'MANAGER';
+-------+-------+---------+------+------------+------+------+--------+
| EMPNO | ENAME | JOB     | MGR  | HIREDATE   | SAL  | COMM | DEPTNO |
+-------+-------+---------+------+------------+------+------+--------+
|  7566 | JONES | MANAGER | 7839 | 1981-04-02 | 2975 | NULL |     20 |
|  7698 | BLAKE | MANAGER | 7839 | 1981-05-01 | 2850 | NULL |     30 |
|  7782 | CLARK | MANAGER | 7839 | 1981-06-09 | 2450 | NULL |     10 |
+-------+-------+---------+------+------------+------+------+--------+
3 rows in set (0.07 sec)

42) Display who is making highest commission?



43) Display who is senior most employee? How many years has been working?
set @max_exp = (select concat(ename, ' ' , (datediff(sysdate(),hiredate)/365)) from emp order by datediff(sysdate(),hiredate)/365 desc limit 1);
select @max_exp;

44) Display who is most experienced and least experienced employee?
set @min_exp = (select concat(ename, ' ' , (datediff(sysdate(),hiredate)/365)) from emp order by datediff(sysdate(),hiredate)/365 limit 1); -- and min(Exp);
set @max_exp = (select concat(ename, ' ' , (datediff(sysdate(),hiredate)/365)) from emp order by datediff(sysdate(),hiredate)/365 desc limit 1);
select @max_exp;
select @min_exp;

45) Display all employee whose location is DALLAS?
select * from emp where deptno = (select deptno from dept where loc like 'Dallas');

46) List ename, job, sal and department of all employees whose salary is not within the salary grade?
select ename, job, sal, deptno from emp where sal not between (select min(losal) from salgrade) and (select max(hisal) from salgrade);
